1655719045,Pgfhgjhkjv,0987654321,Huế
1655730363,Phong,0987654321,Hue
1655730629,Nga,0987654322,Hue
1655793720,Ngan,0987654321,hue
1655796791,Pho,0987654321,Hueeeeee
1655797267,Phongn,0987654321,Huế
1655804295,Hang,0987654321,Hue
1655806336,Phong,0987654321,Huế
1655817984,Hang,0987654321,hue
1655893530,Ngan,0987654321,Hue
1655960067,Phong,0987654321,Hue
1655960277,Ngan,0987654321,Hue
1655960401,Ngan,0987654321,Hue
1655965979,Qunag,0987654321,Hue
1655966210,Phuoc,0987654321,Hue
1655966366,Phong,0987654323,Hue
1655966526,Xinh,0123456789,Hue
1655969273,Phong,0987654321,Hue
